"﻿""Area""",Item,Element,2009,flag,2010,flag,2011,flag,2012,flag,2013,flag
Armenia,Wheat,Producer Price (USD/tonne) (USD),264.55,,323.91,,372.91,,393.97,,395.64,
Armenia,Barley,Producer Price (USD/tonne) (USD),262.91,,325.54,,389.26,,395.98,,404.56,
Armenia,Rye,Producer Price (USD/tonne) (USD),254.18,,314.94,,409.11,,372.86,,413.93,
Albania,Wheat,Producer Price (USD/tonne) (USD),273.75,,279.41,,406.63,,360.61,,407.06,
Albania,Barley,Producer Price (USD/tonne) (USD),410.62,,308.31,,339.18,,316.23,,482.8,
Albania,Maize,Producer Price (USD/tonne) (USD),284.28,,289.05,,386.79,,360.61,,416.53,
Albania,Rye,Producer Price (USD/tonne) (USD),368.51,,292.51,,339.18,,316.23,,454.4,
Albania,Oats,Producer Price (USD/tonne) (USD),357.98,,346.57,,367.95,,343.04,,463.86,
Algeria,Wheat,Producer Price (USD/tonne) (USD),619.49,,605,,617.11,,580.95,,567.1,
Algeria,Barley,Producer Price (USD/tonne) (USD),344.16,,336.11,,342.84,,322.75,,315.06,
Algeria,Oats,Producer Price (USD/tonne) (USD),220.26,,215.11,,219.42,,206.56,,201.64,
Angola,Rice paddy,Producer Price (USD/tonne) (USD),,,,,442.76,,708.08,,429.99,
Angola,Maize,Producer Price (USD/tonne) (USD),,,440.74,,399.02,,693.41,,387.71,
Angola,Millet,Producer Price (USD/tonne) (USD),,,314.51,,291.26,,373.94,,282.86,
Angola,Sorghum,Producer Price (USD/tonne) (USD),,,314.51,,321.14,,406.41,,314.05,
Argentina,Wheat,Producer Price (USD/tonne) (USD),148.76,,160.44,,222.38,,214.26,,236.72,
Argentina,Rice paddy,Producer Price (USD/tonne) (USD),223.72,,263.33,,239.9,,262.91,,277.54,
Argentina,Maize,Producer Price (USD/tonne) (USD),113.52,,134.97,,176.32,,203.44,,181.29,
Argentina,Oats,Producer Price (USD/tonne) (USD),180.59,,213.51,,146.75,,132.45,,221.02,
Argentina,Sorghum,Producer Price (USD/tonne) (USD),97.21,,107.47,,168.55,,155.46,,154.5,
Argentina,Canary seed,Producer Price (USD/tonne) (USD),391.32,,440.74,,505.95,,477.26,,413.62,
Australia,Wheat,Producer Price (USD/tonne) (USD),223.02,,200,,264.95,,234.02,,303.12,
Australia,Rice paddy,Producer Price (USD/tonne) (USD),449.21,,419.27,,247.42,,278.35,,251.79,
Australia,Barley,Producer Price (USD/tonne) (USD),183.33,,157.8,,222.68,,216.49,,267.29,
Australia,Maize,Producer Price (USD/tonne) (USD),224.6,,248.62,F,267.01,,258.76,,230.49,
Australia,Oats,Producer Price (USD/tonne) (USD),171.43,,146.79,,202.06,,208.25,,228.55,
Australia,Sorghum,Producer Price (USD/tonne) (USD),162.7,,179.82,,219.59,,194.85,,244.04,
Australia,Triticale,Producer Price (USD/tonne) (USD),203.97,,202.29,F,189.69,,181.44,,241.14,
Austria,Wheat,Producer Price (USD/tonne) (USD),126.39,,242.11,,218.06,,270.51,,196.57,
Austria,Barley,Producer Price (USD/tonne) (USD),111.11,,159.21,,218.06,,234.62,,185.94,
Austria,Maize,Producer Price (USD/tonne) (USD),130.56,,235.53,,206.94,,283.33,,200.55,
Austria,Rye,Producer Price (USD/tonne) (USD),112.5,,244.74,,276.39,,244.87,,162.04,
Austria,Oats,Producer Price (USD/tonne) (USD),100,,172.37,,211.11,,214.1,,187.27,
Austria,Triticale,Producer Price (USD/tonne) (USD),98.61,,172.37,,198.61,,241.03,,175.32,
Bangladesh,Wheat,Producer Price (USD/tonne) (USD),250.14,,295.19,,263.63,,,,,
Bangladesh,Rice paddy,Producer Price (USD/tonne) (USD),180.45,F,189.65,F,205.05,,,,,
Bangladesh,Maize,Producer Price (USD/tonne) (USD),185.25,,223.69,,184.26,,,,,
Bhutan,Wheat,Producer Price (USD/tonne) (USD),265.87,,376.15,,402.07,,374.88,,383.68,
Bhutan,Rice paddy,Producer Price (USD/tonne) (USD),888.98,,891.41,,1108.32,,1030.93,,1036.45,
Bhutan,Barley,Producer Price (USD/tonne) (USD),266.28,,376.15,,401.53,,378.12,,385.8,
Bhutan,Maize,Producer Price (USD/tonne) (USD),230.93,,319.68,,322.01,,287.8,,299.25,
Bhutan,Millet,Producer Price (USD/tonne) (USD),235.89,,263.68,,258.7,,225.35,,,
Bolivia (Plurinational State of),Wheat,Producer Price (USD/tonne) (USD),230.56,,256.4,,261.9,,265.3,,276.24,
Bolivia (Plurinational State of),Rice paddy,Producer Price (USD/tonne) (USD),183.18,,169.84,,168.99,,175.23,,196.41,
Bolivia (Plurinational State of),Barley,Producer Price (USD/tonne) (USD),148.05,,164.33,,166.26,,165.83,,156.23,
Bolivia (Plurinational State of),Maize,Producer Price (USD/tonne) (USD),176.82,,157.41,,158.71,,165.66,,185.41,
Bolivia (Plurinational State of),Rye,Producer Price (USD/tonne) (USD),169.33,,159.01,,164.67,,169.23,,173.07,
Bolivia (Plurinational State of),Oats,Producer Price (USD/tonne) (USD),183.68,,176.28,,184.16,,191.03,,193.94,
Bolivia (Plurinational State of),Sorghum,Producer Price (USD/tonne) (USD),40.54,,68.93,,69.11,,69.38,,70.03,
Bolivia (Plurinational State of),Quinoa,Producer Price (USD/tonne) (USD),1320,,1332.54,,1376.11,,1386.06,,1468.2,
Brazil,Wheat,Producer Price (USD/tonne) (USD),213.75,,232.95,,245.51,,,,,
Brazil,Rice paddy,Producer Price (USD/tonne) (USD),339.15,,355.11,,334.31,,316.67,,361.17,
Brazil,Maize,Producer Price (USD/tonne) (USD),158.35,,169.89,,256.47,,226.92,,202.02,
Bulgaria,Wheat,Producer Price (USD/tonne) (USD),150,,165.99,,231.91,,265.79,,213.84,
Bulgaria,Rice paddy,Producer Price (USD/tonne) (USD),427.86,,353.06,,346.48,,325,,374.72,
Bulgaria,Barley,Producer Price (USD/tonne) (USD),147.14,,134.01,,222.27,,248.68,,226.73,
Bulgaria,Maize,Producer Price (USD/tonne) (USD),149.29,,188.44,,240.84,,233.55,,207.05,
Bulgaria,Rye,Producer Price (USD/tonne) (USD),202.86,,151.7,,195.92,,226.97,,214.52,
Bulgaria,Oats,Producer Price (USD/tonne) (USD),180,,160.54,,228.38,,236.84,,226.06,
Bulgaria,Sorghum,Producer Price (USD/tonne) (USD),201.43,,234.01,,255.69,,253.29,,202.97,
Bulgaria,Triticale,Producer Price (USD/tonne) (USD),198.57,,154.42,,195.57,,232.24,,226.73,
Burundi,Wheat,Producer Price (USD/tonne) (USD),,,,,,,573.92,,,
Burundi,Rice paddy,Producer Price (USD/tonne) (USD),475.54,,357.51,,372.97,,416.39,,366.65,
Burundi,Maize,Producer Price (USD/tonne) (USD),349.63,F,376.55,F,405.95,F,387.24,,,
Burundi,Sorghum,Producer Price (USD/tonne) (USD),440.13,F,480.98,F,509.85,F,480.93,,,
Cameroon,Rice paddy,Producer Price (USD/tonne) (USD),264.18,,247.37,,357.78,,404.86,,,
Cameroon,Maize,Producer Price (USD/tonne) (USD),374.26,,316.09,,407.6,,419.15,,,
Cameroon,Sorghum,Producer Price (USD/tonne) (USD),319.38,,247.88,,316.26,,330.25,,,
Canada,Wheat,Producer Price (USD/tonne) (USD),191.95,,177.09,,236.89,,253.71,,242.92,
Canada,Barley,Producer Price (USD/tonne) (USD),164.91,,141.75,,194.95,,224.75,,220.62,
Canada,Maize,Producer Price (USD/tonne) (USD),159.53,,166.84,,238.45,,257.47,,226.44,
Canada,Rye,Producer Price (USD/tonne) (USD),153.92,,156.23,,218.08,,235.94,,235.97,
Canada,Oats,Producer Price (USD/tonne) (USD),128.54,,145.75,,206.18,,203.5,,212.6,
Canada,Canary seed,Producer Price (USD/tonne) (USD),379.19,,394.67,,609.13,,573.72,,567.42,
Cabo Verde,Maize,Producer Price (USD/tonne) (USD),890.18,,852.98,,895.2,,800.97,,850.72,
Sri Lanka,Rice paddy,Producer Price (USD/tonne) (USD),294.41,,263.33,,264.68,,236.49,,243.54,
Sri Lanka,Maize,Producer Price (USD/tonne) (USD),308.51,,306.41,,352.15,,276.86,,243.98,
Chad,Rice paddy,Producer Price (USD/tonne) (USD),855.42,,722.95,,751.9,,,,,
Chad,Maize,Producer Price (USD/tonne) (USD),480.02,,392.31,,417.75,,,,,
Chad,Millet,Producer Price (USD/tonne) (USD),483.93,,434,,432,,,,,
Chad,Sorghum,Producer Price (USD/tonne) (USD),450.7,,389.68,,363.64,,,,,
Chile,Wheat,Producer Price (USD/tonne) (USD),257.42,,265.27,,327.03,,294.23,,356.24,
Chile,Rice paddy,Producer Price (USD/tonne) (USD),246.14,,247.21,,222.84,F,183.74,F,143.72,
Chile,Maize,Producer Price (USD/tonne) (USD),197.92,,221.03,,292.84,,286.18,,262.05,
Chile,Oats,Producer Price (USD/tonne) (USD),199.11,,260.22,,,,,,,
China mainland,Wheat,Producer Price (USD/tonne) (USD),270.86,,279.47,,321.52,,323.3,,355.11,
China mainland,Rice paddy,Producer Price (USD/tonne) (USD),284.04,,296.6,,403.87,,456.42,,492.31,
China mainland,Barley,Producer Price (USD/tonne) (USD),289.9,,310.19,,348.3,,364.5,,402.73,
China mainland,Maize,Producer Price (USD/tonne) (USD),243.05,,273.26,,321.83,,383.52,,489.09,
China mainland,Rye,Producer Price (USD/tonne) (USD),805.27,,812.41,,167.8,,692.39,,3092.7,
China mainland,Oats,Producer Price (USD/tonne) (USD),395.31,,516.99,,565.02,,602.22,,387.39,
China mainland,Millet,Producer Price (USD/tonne) (USD),702.78,,768.09,,851.39,,982.57,,801.58,
China mainland,Sorghum,Producer Price (USD/tonne) (USD),167.5,,152.73,,123.07,,396.2,,403.54,
China mainland,Buckwheat,Producer Price (USD/tonne) (USD),468.52,,649.93,,657.89,,419.97,,387.39,
Colombia,Wheat,Producer Price (USD/tonne) (USD),380.37,,446.6,,486.54,,495.46,,433.1,
Colombia,Rice paddy,Producer Price (USD/tonne) (USD),379.92,,438.87,,505.21,,536.19,,482.97,
Colombia,Barley,Producer Price (USD/tonne) (USD),397.15,,461.74,,521.6,,571.43,,504.78,
Colombia,Maize,Producer Price (USD/tonne) (USD),320.84,,348.85,,433.75,,410.76,,375.26,
Colombia,Sorghum,Producer Price (USD/tonne) (USD),277.01,,306.49,,357.93,,329.86,,310.98,
Congo,Rice paddy,Producer Price (USD/tonne) (USD),1420.5,,1132.46,,1316.18,,1222.5,,1319.5,
Congo,Maize,Producer Price (USD/tonne) (USD),1452.35,,1678.94,,1615.54,,1643.15,,1732.62,
Costa Rica,Rice paddy,Producer Price (USD/tonne) (USD),576.42,,628.98,,607.4,,610.76,,614.54,
Costa Rica,Maize,Producer Price (USD/tonne) (USD),362.85,,401.15,,471.72,,463.45,,423.56,
Cyprus,Wheat,Producer Price (USD/tonne) (USD),516.67,,227.63,,369.44,,325.64,,364,
Cyprus,Barley,Producer Price (USD/tonne) (USD),186.11,,175,,323.61,,312.82,,308,
Cyprus,Oats,Producer Price (USD/tonne) (USD),370.83,,357.89,,619.44,,555.13,,572,
Azerbaijan,Wheat,Producer Price (USD/tonne) (USD),274.95,,286.55,,343.04,,334.18,,370.51,
Azerbaijan,Rice paddy,Producer Price (USD/tonne) (USD),332.18,,332.65,,337.97,,337.97,,351.28,
Azerbaijan,Barley,Producer Price (USD/tonne) (USD),248.82,,249.17,,317.72,,329.11,,330.77,
Azerbaijan,Maize,Producer Price (USD/tonne) (USD),278.68,,315.21,,329.11,,325.32,,350,
Azerbaijan,Rye,Producer Price (USD/tonne) (USD),174.18,,174.42,,189.87,,189.87,,192.31,
Azerbaijan,Oats,Producer Price (USD/tonne) (USD),174.18,,174.42,,207.59,,202.53,,205.13,
Azerbaijan,Millet,Producer Price (USD/tonne) (USD),180.4,,180.65,,183.54,,183.54,,185.9,
Benin,Rice paddy,Producer Price (USD/tonne) (USD),845.08,,657.42,,759.39,,,,,
Benin,Maize,Producer Price (USD/tonne) (USD),380.07,,250.83,,313.94,,,,,
Benin,Millet,Producer Price (USD/tonne) (USD),479.87,,353.99,,,,,,,
Benin,Sorghum,Producer Price (USD/tonne) (USD),365.21,,271.06,,352.12,,,,,
Denmark,Wheat,Producer Price (USD/tonne) (USD),169.35,,175.4,,269.59,,266.32,,272.32,
Denmark,Barley,Producer Price (USD/tonne) (USD),160.37,,179.32,,259.33,,273.75,,252.73,
Denmark,Rye,Producer Price (USD/tonne) (USD),133.83,,166.31,,239.55,,256.3,,221.74,
Denmark,Oats,Producer Price (USD/tonne) (USD),141.68,,164.35,,242.16,,256.65,,207.14,
Denmark,Triticale,Producer Price (USD/tonne) (USD),151.78,,181.11,,249.07,,270.12,,240.98,
Dominican Republic,Rice paddy,Producer Price (USD/tonne) (USD),553.13,,465.35,,459.21,,379.78,,405.27,
Dominican Republic,Maize,Producer Price (USD/tonne) (USD),374.24,,381.01,,401.41,,405.33,,391.9,
Dominican Republic,Sorghum,Producer Price (USD/tonne) (USD),275.35,,269.07,,317.17,,308.3,,349.45,
Belarus,Wheat,Producer Price (USD/tonne) (USD),132.93,,136.22,,166.25,,161.31,,235.49,
Belarus,Barley,Producer Price (USD/tonne) (USD),108.09,,108.86,,152.49,,203.57,,216.22,
Belarus,Maize,Producer Price (USD/tonne) (USD),258.04,,247.62,,319.62,,309.88,,325.64,
Belarus,Rye,Producer Price (USD/tonne) (USD),90.67,,86.58,,102.87,,97.14,,123.01,
Belarus,Oats,Producer Price (USD/tonne) (USD),77.86,,70.96,,85.49,,135.67,,159.44,
Belarus,Buckwheat,Producer Price (USD/tonne) (USD),276.98,,348.29,,607.58,,396.2,,359.32,
Belarus,Triticale,Producer Price (USD/tonne) (USD),94.9,,89.3,,119.14,,184.74,,184.86,
Ecuador,Wheat,Producer Price (USD/tonne) (USD),260,,380,,380,,453.49,,430.99,
Ecuador,Rice paddy,Producer Price (USD/tonne) (USD),250,,260,,340,,347.73,,355.34,
Ecuador,Barley,Producer Price (USD/tonne) (USD),355.43,,343.72,,391.99,,444.77,,470.67,
Ecuador,Maize,Producer Price (USD/tonne) (USD),300,,380,,250,,315.91,,361,
Egypt,Wheat,Producer Price (USD/tonne) (USD),291.16,,322.95,,395.45,,416.17,,,
Egypt,Rice paddy,Producer Price (USD/tonne) (USD),270.22,,327.05,,339.46,,341.75,,,
Egypt,Barley,Producer Price (USD/tonne) (USD),424.91,,433.99,,424.96,,556.27,,,
Egypt,Maize,Producer Price (USD/tonne) (USD),251.62,,334.34,,326.48,,358.75,,,
Egypt,Sorghum,Producer Price (USD/tonne) (USD),246.75,,337.19,,331.53,,376.57,,,
El Salvador,Rice paddy,Producer Price (USD/tonne) (USD),354.42,,366.3,,395.56,,360.36,,407,
El Salvador,Maize,Producer Price (USD/tonne) (USD),295.23,,265.1,,480.48,,331.54,,283.58,
El Salvador,Sorghum,Producer Price (USD/tonne) (USD),317.68,,234.3,,431.72,,315.04,,269.94,
Estonia,Wheat,Producer Price (USD/tonne) (USD),146.57,,243.55,,230.89,,291.86,,228.27,
Estonia,Barley,Producer Price (USD/tonne) (USD),121.73,,213.5,,256.29,,269.54,,200.29,
Estonia,Rye,Producer Price (USD/tonne) (USD),104.36,,208.32,,232.06,,233.81,,170.54,
Estonia,Oats,Producer Price (USD/tonne) (USD),77.11,,173.01,,193.44,,249.67,,129.81,
Fiji,Rice paddy,Producer Price (USD/tonne) (USD),422.01,F,524.82,F,664.8,,646.93,,679.25,
Fiji,Maize,Producer Price (USD/tonne) (USD),605.92,F,869.79,,683.24,,776.54,,622.19,
Finland,Wheat,Producer Price (USD/tonne) (USD),183.33,,193.42,,273.61,,260.26,,270.94,
Finland,Barley,Producer Price (USD/tonne) (USD),130.56,,148.68,,225,,239.74,,231.1,
Finland,Rye,Producer Price (USD/tonne) (USD),186.11,,210.53,,259.72,,274.36,,289.54,
Finland,Oats,Producer Price (USD/tonne) (USD),119.44,,152.63,,230.56,,238.46,,224.46,
France,Wheat,Producer Price (USD/tonne) (USD),155.37,,240.6,,262.69,,283,,230.27,
France,Rice paddy,Producer Price (USD/tonne) (USD),352.59,,398.41,,490.91,,538.95,,571.38,
France,Barley,Producer Price (USD/tonne) (USD),125.28,,202,,255.44,,253.04,,205.59,
France,Maize,Producer Price (USD/tonne) (USD),170.79,,245.4,,258.94,,281.46,,218.45,
France,Rye,Producer Price (USD/tonne) (USD),149.85,,213.21,,237.77,,256.73,,204.22,
France,Oats,Producer Price (USD/tonne) (USD),118.4,,172.86,,250.71,,267.41,,178.82,
France,Triticale,Producer Price (USD/tonne) (USD),123.25,,203.91,,234.91,,250.79,,200.5,
Georgia,Wheat,Producer Price (USD/tonne) (USD),232.93,,291.69,,301.66,,300.61,,262.27,
Georgia,Barley,Producer Price (USD/tonne) (USD),217.43,,274.27,,279.82,,322.3,,278.26,
Georgia,Maize,Producer Price (USD/tonne) (USD),393.95,,337.53,,379.29,,311.09,,291.61,
Georgia,Oats,Producer Price (USD/tonne) (USD),100.84,,349.66,,,,,,,
Germany,Wheat,Producer Price (USD/tonne) (USD),156.94,,197.37,,287.5,,283.33,,248.37,
Germany,Barley,Producer Price (USD/tonne) (USD),133.33,,164.47,,256.94,,258.97,,231.1,
Germany,Maize,Producer Price (USD/tonne) (USD),168.06,,206.58,,286.11,,278.21,,244.38,
Germany,Rye,Producer Price (USD/tonne) (USD),125,,169.74,,280.56,,260.26,,183.29,
Germany,Oats,Producer Price (USD/tonne) (USD),154.17,,171.05,,252.78,,242.31,,205.86,
Germany,Triticale,Producer Price (USD/tonne) (USD),140.28,,173.68,,266.67,,262.82,,209.85,
Bosnia and Herzegovina,Wheat,Producer Price (USD/tonne) (USD),194.29,,203.4,,277.3,,271.05,,220.7,
Bosnia and Herzegovina,Barley,Producer Price (USD/tonne) (USD),168.57,,182.31,,292.2,,254.61,,331.39,
Bosnia and Herzegovina,Maize,Producer Price (USD/tonne) (USD),180,,207.48,,265.96,,298.68,,256.69,
Bosnia and Herzegovina,Rye,Producer Price (USD/tonne) (USD),347.14,,280.95,,420.57,,363.82,,429.85,
Bosnia and Herzegovina,Oats,Producer Price (USD/tonne) (USD),210.71,,210.2,,309.22,,279.61,,217.3,
Bosnia and Herzegovina,Triticale,Producer Price (USD/tonne) (USD),,,245.58,,398.58,,498.68,,262.8,
Ghana,Rice paddy,Producer Price (USD/tonne) (USD),506.79,,488.67,,504.04,,,,,
Ghana,Maize,Producer Price (USD/tonne) (USD),384.79,,341.05,,429.81,,,,,
Ghana,Millet,Producer Price (USD/tonne) (USD),570,,568.11,,592.44,,,,,
Ghana,Sorghum,Producer Price (USD/tonne) (USD),469.5,,469.02,,505.32,,,,,
Greece,Wheat,Producer Price (USD/tonne) (USD),230.21,,209.41,,306.19,,298.64,,290.7,
Greece,Rice paddy,Producer Price (USD/tonne) (USD),296.47,,281.41,,315,,287.33,,317.54,
Greece,Barley,Producer Price (USD/tonne) (USD),196.11,,214.33,,283.97,,262.58,,260.28,
Greece,Maize,Producer Price (USD/tonne) (USD),209.58,,273.18,,297.94,,309.65,,263.88,
Greece,Rye,Producer Price (USD/tonne) (USD),180.56,,157.89,,250,,230.77,,180.2,
Greece,Oats,Producer Price (USD/tonne) (USD),304.25,,240.25,,250.68,,235.83,,242.64,
Hungary,Wheat,Producer Price (USD/tonne) (USD),148.82,,189.39,,256.06,,268.66,,213.56,
Hungary,Rice paddy,Producer Price (USD/tonne) (USD),358.32,F,323.96,F,311.91,,300.12,,285.27,
Hungary,Barley,Producer Price (USD/tonne) (USD),133.1,,141.49,,249.12,,243.48,,208.22,
Hungary,Maize,Producer Price (USD/tonne) (USD),145.37,,181.42,,245.03,,252.09,,218.21,
Hungary,Rye,Producer Price (USD/tonne) (USD),120.06,,147.86,,230.27,,251,,180.3,
Hungary,Oats,Producer Price (USD/tonne) (USD),134.28,,165.26,,232.97,,247.15,,213.28,
Hungary,Millet,Producer Price (USD/tonne) (USD),221.53,,279.85,,375.04,,432.12,,381.22,
Hungary,Sorghum,Producer Price (USD/tonne) (USD),160.95,,178.07,,251.18,,250.86,,282.67,
Hungary,Triticale,Producer Price (USD/tonne) (USD),121.8,,140.92,,221.94,,,,,
Hungary,Canary seed,Producer Price (USD/tonne) (USD),489.06,,443.65,,706.6,,662.54,,657.24,
Croatia,Wheat,Producer Price (USD/tonne) (USD),159.2,,210.75,,261.8,,238.49,,196.8,
Croatia,Barley,Producer Price (USD/tonne) (USD),159.58,,174.68,,279.21,,226.8,,219.88,
Croatia,Maize,Producer Price (USD/tonne) (USD),127.89,,189.8,,225.09,,269.18,,184.81,
Croatia,Rye,Producer Price (USD/tonne) (USD),209.87,,236.43,,217.79,,265.8,,217.79,
Croatia,Oats,Producer Price (USD/tonne) (USD),182.35,,171.77,,241.2,,208.01,,189.42,
Croatia,Triticale,Producer Price (USD/tonne) (USD),129.41,F,175.96,,229.78,,197.61,,171.7,
Croatia,Cereals nes,Producer Price (USD/tonne) (USD),129.41,,,,,,,,,
Iceland,Barley,Producer Price (USD/tonne) (USD),,,,,,,351.89,,339.9,
Indonesia,Wheat,Producer Price (USD/tonne) (USD),,,,,972.98,,914.96,,,
Indonesia,Rice paddy,Producer Price (USD/tonne) (USD),208.97,,299.37,,877.04,,876.27,,,
Indonesia,Maize,Producer Price (USD/tonne) (USD),264.49,,322.82,,354.44,,352.37,,,
Iran (Islamic Republic of),Wheat,Producer Price (USD/tonne) (USD),309.61,,311.13,,321.59,,358.45,,465.27,
Iran (Islamic Republic of),Rice paddy,Producer Price (USD/tonne) (USD),652.53,,719.77,,896.16,,1005.67,,1437.09,
Iran (Islamic Republic of),Barley,Producer Price (USD/tonne) (USD),254.61,,242.1,,333.8,,405.49,,399.74,
Iran (Islamic Republic of),Maize,Producer Price (USD/tonne) (USD),243.76,,276.88,,398.88,,483.19,,479.92,
Iran (Islamic Republic of),Millet,Producer Price (USD/tonne) (USD),522.77,,421.44,,595.42,,803.95,,434.78,
Iraq,Wheat,Producer Price (USD/tonne) (USD),512.82,,,,,,,,,
Iraq,Rice paddy,Producer Price (USD/tonne) (USD),811.97,,,,,,,,,
Iraq,Barley,Producer Price (USD/tonne) (USD),619.66,,,,,,,,,
Iraq,Maize,Producer Price (USD/tonne) (USD),273.5,,,,,,,,,
Ireland,Wheat,Producer Price (USD/tonne) (USD),145.83,,209.29,,227.17,,282.82,,207.67,
Ireland,Barley,Producer Price (USD/tonne) (USD),111.11,,206.95,,245.25,,270.54,,210.88,
Ireland,Oats,Producer Price (USD/tonne) (USD),156.94,,193.45,,227.46,,273.87,,196.58,
Israel,Wheat,Producer Price (USD/tonne) (USD),303.82,,256.42,,393.56,,324.68,,363.49,
Israel,Barley,Producer Price (USD/tonne) (USD),191.86,,176.2,,145.66,,324.68,,360.16,
Israel,Maize,Producer Price (USD/tonne) (USD),992.2,,1008.71,,984.87,,1123.32,,1191.83,
Israel,Sorghum,Producer Price (USD/tonne) (USD),170.48,,157.75,,196.08,,189.61,,202.25,
Italy,Wheat,Producer Price (USD/tonne) (USD),253.61,,236.18,,365.21,,329.36,,383.4,
Italy,Rice paddy,Producer Price (USD/tonne) (USD),621.81,,519.47,,635.42,,474.1,,531.13,
Italy,Barley,Producer Price (USD/tonne) (USD),185.42,,,,,,,,,
Italy,Maize,Producer Price (USD/tonne) (USD),182.36,,220.92,,316.25,,288.46,,299.63,
Italy,Oats,Producer Price (USD/tonne) (USD),255,,235.66,,332.64,,305.51,,249.83,
Côte d'Ivoire,Rice paddy,Producer Price (USD/tonne) (USD),487.34,,493.68,,608.79,,,,,
Côte d'Ivoire,Maize,Producer Price (USD/tonne) (USD),321.05,,315.56,,380.24,,,,,
Côte d'Ivoire,Millet,Producer Price (USD/tonne) (USD),269.66,,313.54,,347.05,,,,,
Côte d'Ivoire,Sorghum,Producer Price (USD/tonne) (USD),323.22,,,,,,,,,
Côte d'Ivoire,Fonio,Producer Price (USD/tonne) (USD),501.25,,669.55,,804.01,,,,,
Kazakhstan,Wheat,Producer Price (USD/tonne) (USD),174.63,,148.18,,197.76,,180.52,,198.59,
Kazakhstan,Rice paddy,Producer Price (USD/tonne) (USD),310.14,,316.03,,236.18,,246.85,,244.74,
Kazakhstan,Barley,Producer Price (USD/tonne) (USD),125.73,,92.31,,115.95,,125.02,,163.82,
Kazakhstan,Maize,Producer Price (USD/tonne) (USD),158.39,,153.01,,184.79,,194.04,,200.72,
Kazakhstan,Rye,Producer Price (USD/tonne) (USD),143.83,,135.18,,143.26,,169.58,,200.4,
Kazakhstan,Oats,Producer Price (USD/tonne) (USD),91.76,,82.82,,133,,127.28,,119.82,
Kazakhstan,Millet,Producer Price (USD/tonne) (USD),107.31,,98.37,,170.76,,179.79,,174.71,
Kazakhstan,Buckwheat,Producer Price (USD/tonne) (USD),234.01,,223.67,,614.35,,488.97,,450.76,
Jamaica,Rice paddy,Producer Price (USD/tonne) (USD),1506.42,F,1852.18,F,1539.97,,973.29,,770.88,
Jamaica,Maize,Producer Price (USD/tonne) (USD),2329.54,,2853.79,,3206.19,,2989.18,,2963.14,
Japan,Wheat,Producer Price (USD/tonne) (USD),945.6,,829.24,,633.94,,443.68,,324.93,
Japan,Rice paddy,Producer Price (USD/tonne) (USD),2348.85,,2393.18,,2437.09,,2873.56,,2390.79,
Japan,Barley,Producer Price (USD/tonne) (USD),1521.24,,1596.16,,1666.67,,1625.83,,1403.69,
Japan,Buckwheat,Producer Price (USD/tonne) (USD),3417.16,,4205.51,,3748.29,,2516.48,,1960.29,
Jordan,Wheat,Producer Price (USD/tonne) (USD),418.31,,510.14,,425.07,,563.8,,530,
Jordan,Barley,Producer Price (USD/tonne) (USD),371.55,,327.18,,329.44,,357.18,,359.01,
Jordan,Maize,Producer Price (USD/tonne) (USD),220.42,,238.17,,253.1,,226.34,,230.14,
Jordan,Sorghum,Producer Price (USD/tonne) (USD),70.42,,,,,,,,,
Kyrgyzstan,Wheat,Producer Price (USD/tonne) (USD),202.22,,155.72,,278.56,,271.4,,290.61,
Kyrgyzstan,Rice paddy,Producer Price (USD/tonne) (USD),1505.85,,1208.42,,1349.76,,1533.64,,1457.01,
Kyrgyzstan,Barley,Producer Price (USD/tonne) (USD),168.77,,114.63,,235.62,,250.45,,270.91,
Kyrgyzstan,Maize,Producer Price (USD/tonne) (USD),217.17,,165.52,,348.2,,335.87,,323.91,
Kyrgyzstan,Rye,Producer Price (USD/tonne) (USD),172.61,,161.08,,91.07,,187.13,,,
Kyrgyzstan,Oats,Producer Price (USD/tonne) (USD),171.45,,107.23,,194.32,,206.53,,254.58,
Kyrgyzstan,Millet,Producer Price (USD/tonne) (USD),146.96,,137.14,,136.6,,169.79,,,
Kyrgyzstan,Sorghum,Producer Price (USD/tonne) (USD),130.63,,119.29,,118.82,,,,,
Kyrgyzstan,Buckwheat,Producer Price (USD/tonne) (USD),279.92,,261.21,,260.19,,255.32,,,
Kyrgyzstan,Triticale,Producer Price (USD/tonne) (USD),128.6,F,117.13,F,190.78,,187.21,,,
Kenya,Wheat,Producer Price (USD/tonne) (USD),379.87,,367.98,,341.26,,428.57,,434.9,
Kenya,Rice paddy,Producer Price (USD/tonne) (USD),749.84,,757.76,,954.02,,681.84,,702.72,
Kenya,Barley,Producer Price (USD/tonne) (USD),361.96,,411.72,,314.29,,319.96,,446.58,
Kenya,Maize,Producer Price (USD/tonne) (USD),309.31,,217.39,,282.73,,401.8,,363.86,
Kenya,Millet,Producer Price (USD/tonne) (USD),673.24,,643.45,,631.8,,707.52,,758.35,
Kenya,Sorghum,Producer Price (USD/tonne) (USD),471.54,,375.49,,402.87,,482.58,,457.04,
Cambodia,Rice paddy,Producer Price (USD/tonne) (USD),214.78,,244.25,,268.34,,268.3,,,
Cambodia,Maize,Producer Price (USD/tonne) (USD),201.01,,263.37,,304.07,,313.92,,,
Republic of Korea,Rice paddy,Producer Price (USD/tonne) (USD),1572.83,,1634.23,,,,,,,
Republic of Korea,Barley,Producer Price (USD/tonne) (USD),595.23,,635,,,,,,,
Republic of Korea,Maize,Producer Price (USD/tonne) (USD),479.49,,557.71,,,,,,,
Republic of Korea,Sorghum,Producer Price (USD/tonne) (USD),2188.22,,2813,,,,,,,
Republic of Korea,Buckwheat,Producer Price (USD/tonne) (USD),2573.15,,2905.12,,,,,,,
Latvia,Wheat,Producer Price (USD/tonne) (USD),160,,218.87,,278,,270.91,,243.75,
Latvia,Barley,Producer Price (USD/tonne) (USD),124,,175.47,,238,,252.73,,213.52,
Latvia,Rye,Producer Price (USD/tonne) (USD),112,,150.94,,240,,227.27,,198.4,
Latvia,Oats,Producer Price (USD/tonne) (USD),98,,133.96,,188,,214.55,,156.83,
Latvia,Buckwheat,Producer Price (USD/tonne) (USD),182,,601.89,,302,,336.36,,302.33,
Latvia,Triticale,Producer Price (USD/tonne) (USD),118,,175.47,,230,,243.64,,200.29,
Latvia,Grain mixed,Producer Price (USD/tonne) (USD),106,,173.58,,238,,223.64,,181.4,
Lao People's Democratic Republic,Rice paddy,Producer Price (USD/tonne) (USD),249.88,F,288.51,F,288.29,,253.38,,318.42,
Lao People's Democratic Republic,Maize,Producer Price (USD/tonne) (USD),134.43,F,143.77,F,153.05,,161.22,,178.97,
Lebanon,Wheat,Producer Price (USD/tonne) (USD),364.84,,373.69,F,382.53,F,391.38,,391.38,
Lebanon,Barley,Producer Price (USD/tonne) (USD),212.27,,159.2,,263.35,,291.21,,267.33,
Lebanon,Maize,Producer Price (USD/tonne) (USD),378.11,,324.82,F,271.53,F,218.24,,,
Lithuania,Wheat,Producer Price (USD/tonne) (USD),161.41,,215.15,,286.86,,273.43,,238.18,
Lithuania,Barley,Producer Price (USD/tonne) (USD),127.94,,171.58,,248.73,,257.87,,236.1,
Lithuania,Maize,Producer Price (USD/tonne) (USD),162.38,,239.85,,251.77,,263.69,,221.45,
Lithuania,Rye,Producer Price (USD/tonne) (USD),99.88,,150.35,,244.13,,226.16,,180.26,
Lithuania,Oats,Producer Price (USD/tonne) (USD),82.22,,117.96,,221.31,,206.98,,156.37,
Lithuania,Buckwheat,Producer Price (USD/tonne) (USD),227.22,,674.23,,485.92,,382.69,,354.47,
Lithuania,Triticale,Producer Price (USD/tonne) (USD),108.35,,181.19,,224.41,,241.68,,193.6,
Lithuania,Grain mixed,Producer Price (USD/tonne) (USD),124.84,,166.38,,211.95,,226.72,,194.41,
Madagascar,Rice paddy,Producer Price (USD/tonne) (USD),314.49,,280.22,,316.19,,,,,
Madagascar,Maize,Producer Price (USD/tonne) (USD),220.4,,215.56,,216.52,,,,,
Malawi,Rice paddy,Producer Price (USD/tonne) (USD),1209.04,,1089.01,,1048.99,,1217.27,,973.77,
Malawi,Maize,Producer Price (USD/tonne) (USD),332.66,,228.76,,194.08,,234.7,,294.54,
Malawi,Millet,Producer Price (USD/tonne) (USD),1032.8,,935.76,,926.47,,855.31,,673.4,
Malawi,Sorghum,Producer Price (USD/tonne) (USD),871.38,,872.83,,712.66,,711.49,,536.42,
Malaysia,Rice paddy,Producer Price (USD/tonne) (USD),213.07,,232.92,,245.1,,242.72,,238.2,
Malaysia,Maize,Producer Price (USD/tonne) (USD),142.05,,155.28,,179.74,,194.17,,190.56,
Mali,Rice paddy,Producer Price (USD/tonne) (USD),316.38,,374.22,,415.76,,329.26,,348.26,
Mali,Maize,Producer Price (USD/tonne) (USD),176.24,,206.33,,360.6,,299.86,,352.31,
Mali,Millet,Producer Price (USD/tonne) (USD),286.65,,267.01,,466.67,,407.65,,431.27,
Mali,Sorghum,Producer Price (USD/tonne) (USD),235.69,,214.42,,424.24,,382.17,,372.56,
Mali,Fonio,Producer Price (USD/tonne) (USD),600.9,F,555.26,F,564.24,,,,,
Mexico,Wheat,Producer Price (USD/tonne) (USD),214.4,,213.4,,290.44,,274.17,,278.22,
Mexico,Rice paddy,Producer Price (USD/tonne) (USD),255.17,,251.48,,304.31,,286.85,,306.62,
Mexico,Barley,Producer Price (USD/tonne) (USD),237.01,,246.69,,290.14,,290.59,,283.76,
Mexico,Maize,Producer Price (USD/tonne) (USD),207.72,,223,,329.39,,304.68,,263.66,
Mexico,Rye,Producer Price (USD/tonne) (USD),222.39,,213.4,,145.4,,319.15,,297.67,
Mexico,Oats,Producer Price (USD/tonne) (USD),237.34,,223.47,,331.16,,382.68,,277.06,
Mexico,Millet,Producer Price (USD/tonne) (USD),207.96,F,233.49,F,362.13,F,336.89,F,25.12,
Mexico,Sorghum,Producer Price (USD/tonne) (USD),160.06,,179.71,,278.72,,259.29,,228.68,
Mexico,Triticale,Producer Price (USD/tonne) (USD),237.61,,271.2,,274.6,,284.02,,260.95,
Mexico,Canary seed,Producer Price (USD/tonne) (USD),654.21,,394.41,,410.48,,544.98,,432.51,
Mongolia,Wheat,Producer Price (USD/tonne) (USD),323.41,,366.17,,375.15,,284.67,,250.36,
Mongolia,Barley,Producer Price (USD/tonne) (USD),242.04,,360.01,,391.85,,330.73,,340.11,
Mongolia,Oats,Producer Price (USD/tonne) (USD),229.52,,399.75,,302.98,,380.68,,360.93,
Morocco,Wheat,Producer Price (USD/tonne) (USD),298.51,,305.59,,305.69,,319.81,,299.87,
Morocco,Barley,Producer Price (USD/tonne) (USD),199,,203.33,,278.47,,338.35,,273.69,
Morocco,Maize,Producer Price (USD/tonne) (USD),272.39,,256.84,,299.5,,320.97,,314.15,
Morocco,Oats,Producer Price (USD/tonne) (USD),353.23,,332.94,,376.24,,434.53,,402.2,
Morocco,Sorghum,Producer Price (USD/tonne) (USD),370.65,,407.85,,375,,405.56,,416.48,
Republic of Moldova,Wheat,Producer Price (USD/tonne) (USD),86.5,,129.38,,169.31,,203.34,,146.58,
Republic of Moldova,Barley,Producer Price (USD/tonne) (USD),93.77,F,140.25,F,183.54,F,220.42,F,158.9,
Republic of Moldova,Maize,Producer Price (USD/tonne) (USD),133.21,,182.51,,198.54,,239.91,,141.18,
Republic of Moldova,Rye,Producer Price (USD/tonne) (USD),112.33,F,168.02,F,219.88,F,264.06,F,190.36,
Republic of Moldova,Oats,Producer Price (USD/tonne) (USD),98.88,F,147.9,F,193.54,F,232.43,F,167.56,
Republic of Moldova,Millet,Producer Price (USD/tonne) (USD),,,,,,,,,139.59,
Republic of Moldova,Sorghum,Producer Price (USD/tonne) (USD),61.18,F,91.51,F,119.76,F,143.82,F,103.68,
Republic of Moldova,Buckwheat,Producer Price (USD/tonne) (USD),288.99,F,432.26,F,565.66,F,679.34,F,489.72,
Nepal,Wheat,Producer Price (USD/tonne) (USD),219.62,,270.61,,292.93,,255.23,,256.48,
Nepal,Rice paddy,Producer Price (USD/tonne) (USD),236.58,,293.04,,280.07,,250.29,,252.18,
Nepal,Barley,Producer Price (USD/tonne) (USD),219.62,,294.02,,301.33,,270.1,,256.26,
Nepal,Maize,Producer Price (USD/tonne) (USD),210.76,,289.48,,294.96,,265.11,,257.55,
Nepal,Millet,Producer Price (USD/tonne) (USD),185.83,,264.48,,264.48,,240.17,,288.67,
Netherlands,Wheat,Producer Price (USD/tonne) (USD),153.56,,211.46,,268.63,,287.19,,258.74,
Netherlands,Barley,Producer Price (USD/tonne) (USD),141.69,,226.09,,287.57,,288.26,,240.26,
Netherlands,Maize,Producer Price (USD/tonne) (USD),139.71,,,,,,,,,
Netherlands,Triticale,Producer Price (USD/tonne) (USD),132.46,,221.64,,254.17,,288.46,,226.4,
The former Yugoslav Republic of Macedonia,Wheat,Producer Price (USD/tonne) (USD),159.41,,225.57,,333.57,,316.98,,305.91,
The former Yugoslav Republic of Macedonia,Rice paddy,Producer Price (USD/tonne) (USD),570.35,,459.92,,470.62,,377.58,,377.41,
The former Yugoslav Republic of Macedonia,Barley,Producer Price (USD/tonne) (USD),325.84,,167.44,,294.83,,284.86,,243.99,
The former Yugoslav Republic of Macedonia,Maize,Producer Price (USD/tonne) (USD),184.58,,225.58,,333.31,,279.61,,280.82,
The former Yugoslav Republic of Macedonia,Rye,Producer Price (USD/tonne) (USD),352.44,,177.26,,,,,,,
The former Yugoslav Republic of Macedonia,Oats,Producer Price (USD/tonne) (USD),214.11,,187.26,,303.99,,294.22,,372.04,
Vanuatu,Maize,Producer Price (USD/tonne) (USD),1094.13,,,,,,,,,
New Zealand,Wheat,Producer Price (USD/tonne) (USD),317.04,,292.54,,274.37,,339.81,,326.57,
New Zealand,Barley,Producer Price (USD/tonne) (USD),247.47,,256.12,,259.52,,310.57,,320.83,
New Zealand,Maize,Producer Price (USD/tonne) (USD),291.14,,230.22,,367.46,,391.87,,429.96,
New Zealand,Oats,Producer Price (USD/tonne) (USD),334.81,,307.19,,290.48,,384.55,,338.06,
Nicaragua,Rice paddy,Producer Price (USD/tonne) (USD),378.5,,368.15,,390.98,,406.36,,,
Nicaragua,Maize,Producer Price (USD/tonne) (USD),366.12,,288.17,,297.11,,256.67,,,
Nicaragua,Sorghum,Producer Price (USD/tonne) (USD),273.82,,285.78,,418.75,,300.93,,,
Niger,Wheat,Producer Price (USD/tonne) (USD),719.81,,,,,,,,,
Niger,Rice paddy,Producer Price (USD/tonne) (USD),889.67,,792.94,,823.03,,823.14,,,
Niger,Maize,Producer Price (USD/tonne) (USD),481.99,,422.77,,458.18,,478.21,,,
Niger,Millet,Producer Price (USD/tonne) (USD),431.03,,412.65,,405.15,,507.6,,,
Niger,Sorghum,Producer Price (USD/tonne) (USD),411.92,,398.5,,379.7,,460.57,,,
Niger,Fonio,Producer Price (USD/tonne) (USD),913.03,,,,,,,,,
Nigeria,Wheat,Producer Price (USD/tonne) (USD),181.82,F,239.52,,219.87,,216.84,,240.65,
Nigeria,Rice paddy,Producer Price (USD/tonne) (USD),191.77,,364.4,,385.99,,366.07,,365.16,
Nigeria,Maize,Producer Price (USD/tonne) (USD),169.94,,333,,340.99,,350.57,,358.98,
Nigeria,Millet,Producer Price (USD/tonne) (USD),174.17,,279.31,,282.07,,293.3,,300.29,
Nigeria,Sorghum,Producer Price (USD/tonne) (USD),171.68,,262.21,,282.07,,293.3,,300.29,
Nigeria,Fonio,Producer Price (USD/tonne) (USD),,,259.48,,265.84,,273.09,,289.28,
Norway,Wheat,Producer Price (USD/tonne) (USD),367.2,,382.62,,426.61,,451.81,,483.51,
Norway,Barley,Producer Price (USD/tonne) (USD),339.2,,342.22,,395.89,,395.7,,421.83,
Norway,Rye,Producer Price (USD/tonne) (USD),331.52,,348.01,,386.96,,414.97,,462.21,
Norway,Oats,Producer Price (USD/tonne) (USD),314.56,,309.6,,356.07,,358.35,,382.48,
Norway,Triticale,Producer Price (USD/tonne) (USD),344.48,,349.5,,381.79,,396.04,,,
Pakistan,Wheat,Producer Price (USD/tonne) (USD),298.62,,294.64,,,,,,,
Pakistan,Barley,Producer Price (USD/tonne) (USD),256.18,,264.7,,,,,,,
Pakistan,Maize,Producer Price (USD/tonne) (USD),218.22,,228.95,,,,,,,
Pakistan,Millet,Producer Price (USD/tonne) (USD),336.68,,342.87,,,,,,,
Pakistan,Sorghum,Producer Price (USD/tonne) (USD),309.75,,322.81,,,,,,,
Panama,Rice paddy,Producer Price (USD/tonne) (USD),415.87,,438.26,,432.17,,552.36,,567.68,
Panama,Maize,Producer Price (USD/tonne) (USD),434.13,,417.17,,535.21,,648.3,,622.8,
Panama,Sorghum,Producer Price (USD/tonne) (USD),271.74,,271.74,,271.74,,275.57,,,
Czech Republic,Wheat,Producer Price (USD/tonne) (USD),144.88,,166.46,,265.11,,247.03,,261.21,
Czech Republic,Barley,Producer Price (USD/tonne) (USD),176.4,,164.09,,256.34,,251.77,,264.27,
Czech Republic,Maize,Producer Price (USD/tonne) (USD),147.84,,172.28,,266.53,,241.21,,258.75,
Czech Republic,Rye,Producer Price (USD/tonne) (USD),139.65,,149.71,,267.61,,261.15,,236.21,
Czech Republic,Oats,Producer Price (USD/tonne) (USD),147.04,,137.8,,208.73,,210.49,,251.65,
Czech Republic,Triticale,Producer Price (USD/tonne) (USD),,,,,,,225.66,,235.09,
Paraguay,Wheat,Producer Price (USD/tonne) (USD),183.19,,204.91,,223.35,,216.9,,434.4,
Paraguay,Rice paddy,Producer Price (USD/tonne) (USD),234.37,F,256.24,,227.66,,248.8,,240.05,
Paraguay,Maize,Producer Price (USD/tonne) (USD),145.3,,192.45,,261.21,,246.53,,278.08,
Paraguay,Sorghum,Producer Price (USD/tonne) (USD),96.93,F,74.15,,160.32,,122.36,,90.92,
Peru,Wheat,Producer Price (USD/tonne) (USD),382.06,,397.16,,458.18,,500,,507.69,
Peru,Rice paddy,Producer Price (USD/tonne) (USD),229.24,,269.5,,396.36,,337.12,,322.4,
Peru,Barley,Producer Price (USD/tonne) (USD),312.29,,308.51,,352.73,,409.09,,429.87,
Peru,Maize,Producer Price (USD/tonne) (USD),425.25,,455.67,,507.27,,560.61,,587.36,
Peru,Rye,Producer Price (USD/tonne) (USD),222.59,,326.24,,421.82,,458.33,,426.16,
Peru,Oats,Producer Price (USD/tonne) (USD),355.48,,436.17,,483.64,,515.15,,552.15,
Peru,Sorghum,Producer Price (USD/tonne) (USD),215.95,,177.3,,210.91,,212.12,,244.58,
Peru,Quinoa,Producer Price (USD/tonne) (USD),1116.28,,1198.58,,1338.18,,1469.7,,2330.91,
Philippines,Rice paddy,Producer Price (USD/tonne) (USD),306.9,,329.86,,350.27,,384.27,,399.26,
Philippines,Maize,Producer Price (USD/tonne) (USD),232.01,,246.89,,304.2,,305.38,,299.86,
Poland,Wheat,Producer Price (USD/tonne) (USD),155.81,,199,,278.31,,275.38,,252.28,
Poland,Barley,Producer Price (USD/tonne) (USD),131.61,,163.46,,256.61,,252.92,,232.97,
Poland,Maize,Producer Price (USD/tonne) (USD),142.9,,196.68,,230.85,,225.23,,212.4,
Poland,Rye,Producer Price (USD/tonne) (USD),105.48,,140.2,,252.88,,229.23,,175.36,
Poland,Oats,Producer Price (USD/tonne) (USD),99.35,,115.61,,220.68,,202.46,,169.03,
Poland,Millet,Producer Price (USD/tonne) (USD),306.45,,260.8,,319.32,,279.38,,326.03,
Poland,Buckwheat,Producer Price (USD/tonne) (USD),254.52,,537.87,,602.37,,347.08,,364.02,
Poland,Triticale,Producer Price (USD/tonne) (USD),119.68,,156.48,,247.12,,248,,207.33,
Portugal,Wheat,Producer Price (USD/tonne) (USD),316.67,,218.03,,279.72,,332.05,,307.6,
Portugal,Rice paddy,Producer Price (USD/tonne) (USD),313.06,,357.63,,409.03,,380.38,,359.66,
Portugal,Barley,Producer Price (USD/tonne) (USD),195.69,,183.82,,270.69,,276.03,,268.55,
Portugal,Maize,Producer Price (USD/tonne) (USD),192.92,,269.87,,286.53,,306.67,,224.19,
Portugal,Rye,Producer Price (USD/tonne) (USD),184.03,,197.11,,226.67,,256.92,,278.91,
Portugal,Oats,Producer Price (USD/tonne) (USD),197.5,,187.5,,266.39,,276.15,,265.37,
Portugal,Triticale,Producer Price (USD/tonne) (USD),194.17,,189.21,,270.56,,278.97,,264.17,
Puerto Rico,Maize,Producer Price (USD/tonne) (USD),1877.71,,1963.04,,1524.32,,1556.22,,1304.18,
Zimbabwe,Wheat,Producer Price (USD/tonne) (USD),,,466,,465.99,,446,,466,
Zimbabwe,Maize,Producer Price (USD/tonne) (USD),,,275,,284.99,,295,,295,
Zimbabwe,Millet,Producer Price (USD/tonne) (USD),,,110,,284.99,,295,,295,
Zimbabwe,Sorghum,Producer Price (USD/tonne) (USD),,,110,,284.99,,295,,295,
Romania,Wheat,Producer Price (USD/tonne) (USD),154.61,,186.12,,289.47,,263.01,,255.47,
Romania,Barley,Producer Price (USD/tonne) (USD),187.5,,182.97,,299.34,,289.02,,312.57,
Romania,Maize,Producer Price (USD/tonne) (USD),220.39,,223.97,,328.95,,300.58,,300.55,
Romania,Oats,Producer Price (USD/tonne) (USD),230.26,,252.37,,371.71,,349.71,,336.61,
Rwanda,Wheat,Producer Price (USD/tonne) (USD),553.16,,580.15,,601.46,,655.46,,630.23,
Rwanda,Rice paddy,Producer Price (USD/tonne) (USD),1096.14,,979.32,,939.97,,981.06,,934.66,
Rwanda,Maize,Producer Price (USD/tonne) (USD),409.77,,313.48,,375.87,,409.01,,409.84,
Rwanda,Sorghum,Producer Price (USD/tonne) (USD),436.93,,388.92,,396.53,,543.22,,436.93,
Russian Federation,Wheat,Producer Price (USD/tonne) (USD),134.72,,127.37,,174.22,,208.49,,211.13,
Russian Federation,Rice paddy,Producer Price (USD/tonne) (USD),368.69,,364.66,,332.78,,288.97,,375.53,
Russian Federation,Barley,Producer Price (USD/tonne) (USD),120.56,,111.82,,170.05,,192.03,,200.47,
Russian Federation,Maize,Producer Price (USD/tonne) (USD),137.93,,154.18,,201.81,,219.62,,206.91,
Russian Federation,Rye,Producer Price (USD/tonne) (USD),120.49,,112.35,,133.83,,147.01,,154.44,
Russian Federation,Oats,Producer Price (USD/tonne) (USD),125.15,,118.45,,153.31,,149.54,,181.79,
Russian Federation,Millet,Producer Price (USD/tonne) (USD),125.11,,126.22,,175.92,,129.54,,164.78,
Russian Federation,Buckwheat,Producer Price (USD/tonne) (USD),182.52,,268.54,,534.65,,342.78,,226.53,
Saint Vincent and the Grenadines,Maize,Producer Price (USD/tonne) (USD),1600.39,,1257.45,,906.34,,1053.32,,1326.86,
Saudi Arabia,Wheat,Producer Price (USD/tonne) (USD),400,,372,,370.67,,372,,384,
Senegal,Rice paddy,Producer Price (USD/tonne) (USD),324.87,,291.29,,337.27,,,,,
Senegal,Maize,Producer Price (USD/tonne) (USD),324.87,,291.29,,328.79,,,,,
Senegal,Millet,Producer Price (USD/tonne) (USD),324.87,,307.47,,328.79,,,,,
Senegal,Sorghum,Producer Price (USD/tonne) (USD),324.87,,307.47,,328.79,,,,,
Senegal,Fonio,Producer Price (USD/tonne) (USD),702.82,,665.51,,712.73,,,,,
Slovenia,Wheat,Producer Price (USD/tonne) (USD),165.69,,178.55,,268.19,,250.77,,241.33,
Slovenia,Barley,Producer Price (USD/tonne) (USD),145.28,,142.63,,251.11,,230.26,,236.4,
Slovenia,Maize,Producer Price (USD/tonne) (USD),137.22,,204.08,,236.53,,256.15,,225.6,
Slovenia,Rye,Producer Price (USD/tonne) (USD),221.94,,194.47,,268.89,,281.54,,253.07,
Slovenia,Oats,Producer Price (USD/tonne) (USD),243.75,,233.82,,260.42,,213.85,,270.67,
Slovenia,Buckwheat,Producer Price (USD/tonne) (USD),717.08,,1021.45,,970,,859.36,,871.73,
Slovenia,Triticale,Producer Price (USD/tonne) (USD),132.36,,189.87,,307.08,,234.87,,216.27,
Slovakia,Wheat,Producer Price (USD/tonne) (USD),159.89,,194.53,,273.38,,263.33,,231.63,
Slovakia,Barley,Producer Price (USD/tonne) (USD),211.96,,201.09,,290.88,,277.95,,267.9,
Slovakia,Maize,Producer Price (USD/tonne) (USD),135.69,,195.87,,232.06,,256.03,,229.39,
Slovakia,Rye,Producer Price (USD/tonne) (USD),162.26,,184.05,,270.57,,222.05,,191.06,
Slovakia,Oats,Producer Price (USD/tonne) (USD),243.56,,218.63,,284.99,,264.74,,282.17,
South Africa,Wheat,Producer Price (USD/tonne) (USD),192.57,,315.18,,328.25,,355.8,,299.19,
South Africa,Barley,Producer Price (USD/tonne) (USD),254.61,,274.42,,315.37,,305.49,,264.7,
South Africa,Maize,Producer Price (USD/tonne) (USD),156.29,,137.48,,212.05,,240.54,,208.4,
South Africa,Oats,Producer Price (USD/tonne) (USD),155.33,,296.85,,277.56,,249.82,,216.08,
South Africa,Sorghum,Producer Price (USD/tonne) (USD),179.04,,189.33,,231.58,,326.62,,279.66,
Spain,Wheat,Producer Price (USD/tonne) (USD),222.64,,229.61,,319.58,,317.82,,283.43,
Spain,Rice paddy,Producer Price (USD/tonne) (USD),418.47,,338.55,,383.47,,354.62,,365.38,
Spain,Barley,Producer Price (USD/tonne) (USD),173.19,,197.76,,270.56,,286.28,,240,
Spain,Maize,Producer Price (USD/tonne) (USD),200.28,,240.53,,301.25,,298.72,,264.17,
Spain,Rye,Producer Price (USD/tonne) (USD),169.17,,192.76,,255,,281.03,,225.12,
Spain,Oats,Producer Price (USD/tonne) (USD),176.25,,183.82,,252.08,,278.33,,222.2,
Spain,Millet,Producer Price (USD/tonne) (USD),445.14,,,,,,,,,
Spain,Sorghum,Producer Price (USD/tonne) (USD),189.86,,247.37,,277.78,,294.23,,255.01,
Spain,Triticale,Producer Price (USD/tonne) (USD),214.58,,230,,286.39,,281.28,,,
Spain,Canary seed,Producer Price (USD/tonne) (USD),550.83,,517.11,,555.56,,767.44,,,
Sudan (former),Wheat,Producer Price (USD/tonne) (USD),506.96,,540.43,,,,,,,
Sudan (former),Millet,Producer Price (USD/tonne) (USD),645.65,,741.3,,,,,,,
Sudan (former),Sorghum,Producer Price (USD/tonne) (USD),502.17,,550,,,,,,,
Suriname,Rice paddy,Producer Price (USD/tonne) (USD),203.64,,232.73,,290.52,,260.61,,245.45,
Suriname,Maize,Producer Price (USD/tonne) (USD),1727.27,,1763.64,,1834.86,,1790.91,,1818.18,
Tajikistan,Wheat,Producer Price (USD/tonne) (USD),242.72,,456.62,,520.61,,295.36,,,
Tajikistan,Rice paddy,Producer Price (USD/tonne) (USD),412.62,,456.62,,650.76,,843.88,,,
Tajikistan,Barley,Producer Price (USD/tonne) (USD),169.9,,182.65,,260.3,,316.46,,,
Tajikistan,Maize,Producer Price (USD/tonne) (USD),242.72,,456.62,,477.22,,358.65,,,
Tajikistan,Oats,Producer Price (USD/tonne) (USD),111.65,,388.13,,455.53,,316.46,,,
Sweden,Wheat,Producer Price (USD/tonne) (USD),149.8,,225.31,,277.35,,280.65,,256.41,
Sweden,Barley,Producer Price (USD/tonne) (USD),119.58,,190.54,,244.99,,242.25,,207.27,
Sweden,Rye,Producer Price (USD/tonne) (USD),106.44,,172.46,,255.78,,259.97,,204.2,
Sweden,Oats,Producer Price (USD/tonne) (USD),101.18,,151.6,,212.63,,214.18,,185.78,
Sweden,Triticale,Producer Price (USD/tonne) (USD),119.58,,194.71,,243.45,,257.02,,227.23,
Switzerland,Wheat,Producer Price (USD/tonne) (USD),406.48,,450,,519.1,,504.26,,515.88,
Switzerland,Barley,Producer Price (USD/tonne) (USD),294.44,,309.62,,360.67,,335.11,,341.04,
Switzerland,Maize,Producer Price (USD/tonne) (USD),294.44,,321.15,,342.7,,330.85,,336.72,
Switzerland,Rye,Producer Price (USD/tonne) (USD),312.96,,348.08,,401.12,,385.11,,391.76,
Switzerland,Oats,Producer Price (USD/tonne) (USD),268.52,,275,,314.61,,300,,307.58,
Switzerland,Triticale,Producer Price (USD/tonne) (USD),289.81,,302.88,,342.7,,335.11,,341.04,
United Republic of Tanzania,Maize,Producer Price (USD/tonne) (USD),282.52,,299.32,,,,,,,
United Republic of Tanzania,Millet,Producer Price (USD/tonne) (USD),465.81,,516.16,,,,,,,
United Republic of Tanzania,Sorghum,Producer Price (USD/tonne) (USD),352.96,,414.49,,,,,,,
Thailand,Rice paddy,Producer Price (USD/tonne) (USD),257.95,,270.48,,335.42,,318.08,,256.96,
Thailand,Maize,Producer Price (USD/tonne) (USD),158.45,,256.95,,250.25,,300.51,,231.32,
Thailand,Sorghum,Producer Price (USD/tonne) (USD),170.12,,219.34,,261.4,,251.93,,178.21,
Togo,Rice paddy,Producer Price (USD/tonne) (USD),341.85,,287.24,,369.09,,356.69,,398.88,
Togo,Maize,Producer Price (USD/tonne) (USD),350.35,,275.1,,328.79,,315.54,,309.79,
Togo,Millet,Producer Price (USD/tonne) (USD),348.22,,277.13,,335.15,,372.37,,,
Togo,Sorghum,Producer Price (USD/tonne) (USD),377.95,,323.65,,409.39,,390.01,,467.72,
Togo,Fonio,Producer Price (USD/tonne) (USD),687.96,,552.23,,952.42,,423.33,,617.55,
Trinidad and Tobago,Rice paddy,Producer Price (USD/tonne) (USD),441.46,,437.3,,453.98,,452.57,,457.89,
Oman,Wheat,Producer Price (USD/tonne) (USD),,,,,1184.21,,1184.21,,,
Oman,Barley,Producer Price (USD/tonne) (USD),,,,,,,151.24,,,
Oman,Maize,Producer Price (USD/tonne) (USD),,,,,,,317.11,,,
Oman,Sorghum,Producer Price (USD/tonne) (USD),,,,,131.58,,107.76,,,
Tunisia,Wheat,Producer Price (USD/tonne) (USD),318.52,,300.7,,304.96,,275.64,,264.82,
Tunisia,Barley,Producer Price (USD/tonne) (USD),222.22,,209.79,,212.77,,192.31,,184.76,
Tunisia,Triticale,Producer Price (USD/tonne) (USD),222.22,,209.79,,212.77,,192.31,,184.76,
Turkey,Wheat,Producer Price (USD/tonne) (USD),328.39,,352.07,,352.12,,335.23,,349.21,
Turkey,Rice paddy,Producer Price (USD/tonne) (USD),807.1,,777.33,,578.71,,535.17,,567.6,
Turkey,Barley,Producer Price (USD/tonne) (USD),261.94,,264.67,,286.93,,308.21,,309.58,
Turkey,Maize,Producer Price (USD/tonne) (USD),285.16,,311.33,,376.44,,321.61,,322.36,
Turkey,Rye,Producer Price (USD/tonne) (USD),241.29,,252.6,,267.63,,279.21,,302.36,
Turkey,Oats,Producer Price (USD/tonne) (USD),290.32,,316.73,,368.32,,371.13,,371.96,
Turkey,Millet,Producer Price (USD/tonne) (USD),524.52,,491.33,,547.5,,640.01,,709.85,
Turkey,Triticale,Producer Price (USD/tonne) (USD),263.23,,280.67,,293.49,,290.02,,301.45,
Turkey,Canary seed,Producer Price (USD/tonne) (USD),809.03,,661.33,,658.68,,1185.18,,,
Turkey,Grain mixed,Producer Price (USD/tonne) (USD),346.77,F,400,,,,,,,
United Kingdom,Wheat,Producer Price (USD/tonne) (USD),181.25,,201.54,,293.55,,306.35,,290.99,
United Kingdom,Barley,Producer Price (USD/tonne) (USD),134.38,,163.08,,256.45,,265.08,,247.19,
United Kingdom,Oats,Producer Price (USD/tonne) (USD),128.13,,153.85,,277.42,,300,,222.15,
United Kingdom,Triticale,Producer Price (USD/tonne) (USD),203.13,,,,,,,,,
Ukraine,Wheat,Producer Price (USD/tonne) (USD),101.67,,136.78,,167.25,,193.99,,171.15,
Ukraine,Rice paddy,Producer Price (USD/tonne) (USD),371.37,,295.72,,324.34,,294.24,,313.52,
Ukraine,Barley,Producer Price (USD/tonne) (USD),92.43,,120.28,,169.26,,197.5,,181.03,
Ukraine,Maize,Producer Price (USD/tonne) (USD),108.99,,156.93,,171.39,,189.61,,151.38,
Ukraine,Rye,Producer Price (USD/tonne) (USD),78.95,,99.87,,160.85,,164.46,,140.62,
Ukraine,Oats,Producer Price (USD/tonne) (USD),81,,96.6,,197.37,,189.11,,178.53,
Ukraine,Millet,Producer Price (USD/tonne) (USD),75.74,,130.48,,193.35,,150.44,,181.66,
Ukraine,Buckwheat,Producer Price (USD/tonne) (USD),189.47,,492.44,,600.75,,472.09,,335.42,
Ukraine,Cereals nes,Producer Price (USD/tonne) (USD),72.02,,128.21,,158.59,,182.35,,138.5,
United States of America,Wheat,Producer Price (USD/tonne) (USD),179,,209,,266,,286,,252,
United States of America,Rice paddy,Producer Price (USD/tonne) (USD),317,,280,,320,,333,,353,
United States of America,Barley,Producer Price (USD/tonne) (USD),214,,177,,246,,295,,278,
United States of America,Maize,Producer Price (USD/tonne) (USD),140,,204,,245,,271,,177,
United States of America,Rye,Producer Price (USD/tonne) (USD),194,,198,,305,,302,,309,
United States of America,Oats,Producer Price (USD/tonne) (USD),139,,174,,240,,268,,258,
United States of America,Millet,Producer Price (USD/tonne) (USD),117,,185,,245,,621,,277,
United States of America,Sorghum,Producer Price (USD/tonne) (USD),127,,198,,236,,249,,168,
Uruguay,Wheat,Producer Price (USD/tonne) (USD),221.27,,217.66,,280.78,,263.04,,312.01,
Uruguay,Rice paddy,Producer Price (USD/tonne) (USD),241.83,,246.21,,244.04,,259.45,,265.46,
Uruguay,Barley,Producer Price (USD/tonne) (USD),159.68,,219.11,,216.06,,219.32,,267.16,
Uruguay,Maize,Producer Price (USD/tonne) (USD),181.49,,189.22,,286.11,,256.92,,230.38,
Uruguay,Oats,Producer Price (USD/tonne) (USD),320.77,,289.22,,289.48,,294.34,,334.37,
Uruguay,Sorghum,Producer Price (USD/tonne) (USD),135.78,,151.95,,241.55,,180.49,,197.18,
Venezuela (Bolivarian Republic of),Rice paddy,Producer Price (USD/tonne) (USD),395.35,,472.87,,412.59,,529.14,,482.64,
Venezuela (Bolivarian Republic of),Maize,Producer Price (USD/tonne) (USD),613.95,,732.56,,470.86,,487.18,,594.93,
Venezuela (Bolivarian Republic of),Sorghum,Producer Price (USD/tonne) (USD),293.02,,317.83,,209.79,,321.68,,356.52,
Viet Nam,Rice paddy,Producer Price (USD/tonne) (USD),295.7,,289.6,,315.99,,299.31,,294.13,
Viet Nam,Maize,Producer Price (USD/tonne) (USD),240.14,,265.1,,301.31,,319.91,,325.9,
Viet Nam,Millet,Producer Price (USD/tonne) (USD),,,1244.99,,1829.52,,1071.97,,867.87,
Ethiopia,Wheat,Producer Price (USD/tonne) (USD),397.57,F,298.53,,293.49,,406.78,,,
Ethiopia,Rice paddy,Producer Price (USD/tonne) (USD),556.65,F,421.09,,372.19,,424.86,,,
Ethiopia,Barley,Producer Price (USD/tonne) (USD),352.09,F,276.1,,247.34,,341.92,,,
Ethiopia,Maize,Producer Price (USD/tonne) (USD),247.23,F,170.99,,139.64,,237.29,,,
Ethiopia,Oats,Producer Price (USD/tonne) (USD),349.53,F,271.2,,275.15,,351.41,,,
Ethiopia,Millet,Producer Price (USD/tonne) (USD),340.15,F,248.77,,202.96,,290.96,,,
Ethiopia,Sorghum,Producer Price (USD/tonne) (USD),323.32,F,231.25,,237.87,,317.51,,,
Yemen,Wheat,Producer Price (USD/tonne) (USD),745.98,,578.35,,652.59,,687.25,,752.83,
Yemen,Barley,Producer Price (USD/tonne) (USD),769.55,,660.32,,555.7,,595.62,,652.4,
Yemen,Maize,Producer Price (USD/tonne) (USD),758.09,,678.54,,769.52,,693.48,,759.59,
Yemen,Millet,Producer Price (USD/tonne) (USD),770.47,,633,,771.75,,688.69,,763.18,
Yemen,Sorghum,Producer Price (USD/tonne) (USD),770.5,,623.89,,767.29,,678.16,,742.88,
Zambia,Maize,Producer Price (USD/tonne) (USD),358.38,,,,,,,,,
Zambia,Sorghum,Producer Price (USD/tonne) (USD),975.6,,,,,,,,,
Belgium,Wheat,Producer Price (USD/tonne) (USD),153.47,,205,,275.49,,286.28,,263.92,
Belgium,Barley,Producer Price (USD/tonne) (USD),120,,193.95,,240.99,,277.08,,230.08,
Belgium,Rye,Producer Price (USD/tonne) (USD),90.83,,143.55,,169.75,,190.71,,164.77,
Belgium,Oats,Producer Price (USD/tonne) (USD),217.22,,286.45,,314.18,,294.92,,165.84,
Belgium,Triticale,Producer Price (USD/tonne) (USD),93.33,,147.76,,167.18,,147.63,,126.63,
Luxembourg,Wheat,Producer Price (USD/tonne) (USD),139.31,,209.21,,252.08,,295.9,,222.6,
Luxembourg,Barley,Producer Price (USD/tonne) (USD),106.53,,164.87,,223.75,,256.79,,195.24,
Luxembourg,Maize,Producer Price (USD/tonne) (USD),183.33,,213.42,,253.33,,282.05,,265.63,
Luxembourg,Rye,Producer Price (USD/tonne) (USD),99.86,,171.18,,215.83,,224.36,,173.72,
Luxembourg,Oats,Producer Price (USD/tonne) (USD),92.64,,125,,211.81,,230.77,,169.74,
Luxembourg,Triticale,Producer Price (USD/tonne) (USD),99.58,,167.76,,229.17,,262.82,,185.01,
Luxembourg,Grain mixed,Producer Price (USD/tonne) (USD),107.64,,125,,173.61,,224.36,,168.41,
Serbia,Wheat,Producer Price (USD/tonne) (USD),145.05,,165.95,,246.05,,245.08,,206.09,
Serbia,Barley,Producer Price (USD/tonne) (USD),141.28,,160.56,,258.32,,250.89,,236.97,
Serbia,Maize,Producer Price (USD/tonne) (USD),132.05,,173.26,,232.42,,236.43,,188.24,
Serbia,Rye,Producer Price (USD/tonne) (USD),218.53,,259.77,,280.94,,316.88,,214.07,
Serbia,Oats,Producer Price (USD/tonne) (USD),155.01,,178.01,,310.39,,215.67,,270.08,
Occupied Palestinian Territory,Wheat,Producer Price (USD/tonne) (USD),700.71,,635.03,,554.83,,585.79,,665.67,
Occupied Palestinian Territory,Barley,Producer Price (USD/tonne) (USD),319.03,,394.12,,479.55,,540.99,,590.63,
Occupied Palestinian Territory,Maize,Producer Price (USD/tonne) (USD),366.41,,487.97,,1160.13,,1071.43,,1171.69,
Occupied Palestinian Territory,Sorghum,Producer Price (USD/tonne) (USD),,,,,1251.17,,1204.55,,1163.61,
,,,,,,,,,,,,
,Official data,,,,,,,,,,,
F,FAO estimate,,,,,,,,,,,
,,,,,,,,,,,,
FAOSTAT 2015, Date : 11. 12. 2015,,,,,,,,,,,
